{
  "timestamp": "2026-04-09T23:35:09.254248",
  "db_size": 10002,
  "batch_query": {
    "avg_time": 38.747656000000006,
    "p95_time": 51.26200000000014,
    "min_time": 34.85549999999993,
    "max_time": 63.001300000000036,
    "avg_size": 827392,
    "throughput": 25.80801274791951
  },
  "index_performance": {
    "\u65e9\u671f\u7d22\u5f15 (0-1000)": 37.944359999999925,
    "\u4e2d\u671f\u7d22\u5f15 (1000-5000)": 38.24897999999992,
    "\u665a\u671f\u7d22\u5f15 (5000+)": 37.11975999999994,
    "\u65b0\u589e\u75c5\u5386 (10000+)": 37.05524999999987
  },
  "concurrent_query": {
    "total_queries": 50,
    "total_time": 1.6436897,
    "avg_time": 157.53727800000001,
    "p95_time": 194.54569999999993,
    "throughput": 30.4193668671161
  }
}